特征路径,缺失数量,缺失比例,取值范围
text_features.subject.urgency_level,264,2.20%,"唯一值：['unknown', 'Moderate', 'Low', 'High', 'Neutral']（共5种）"
text_features.subject.contains_threatening_language,264,2.20%,True（150次）、False（11586次）
text_features.subject.contains_seductive_language,264,2.20%,True（3217次）、False（8519次）
text_features.subject.contains_emergency_action_request,264,2.20%,True（2620次）、False（9116次）
text_features.subject.sentiment_score,264,2.20%,"[-0.85, 0.85]"
text_features.subject.sentiment_label,264,2.20%,"唯一值：['Neutral', 'Positive', 'Negative', 'unknown']（共4种）"
text_features.sender.impersonation_type,264,2.20%,"唯一值：['unknown', 'none', 'news_organization', 'brand_impersonation', 'news_service', 'brand', 'service_impersonation', 'non_profit_organization', 'news_subscription', 'potential_impersonation', 'sports_organization', 'financial_service', 'newsletter_service', 'possible_brand_impersonation', 'organization', 'potential_brand_impersonation', 'non-profit organization impersonation', 'News impersonation', 'organization_impersonation', 'educational_institution', 'conference', 'parody', 'cryptocurrency_service', 'gambling_or_gaming_service', 'romance_scams', 'celebrity_impersonation', 'cloud_service', 'health_product_promotion', 'romantic_persona', 'logistics', 'logistics_service', 'financial_institution', 'social_media_platform', 'gambling_service', 'romance_scam', 'celebrity_or_public_figure', 'government_entity', 'domain_spoofing', 'celebrity', 'health_service', 'product_promotion', 'logistics_company', 'romance', 'government', 'gambling_site', 'government_official', 'BrandImpersonation', 'service_related', 'pharmaceutical_brand', 'service_misrepresentation', 'Brand Impersonation', 'service', 'legal_institution', 'gambling_brand_impersonation', 'health_advisor', 'government_or_tax_authority', 'product_or_service_promotion', 'health_or_wellness_brand', 'government_or_authority', 'romance_or_dating_service', 'generic_service', 'casino_brand', 'healthcare', 'romance_or_dating', 'crypto_service', 'romantic_interest', 'product_or_service', 'romance_or_adult_site', 'pharmacy_service', 'pharmacy_brand_impersonation', 'pharmaceutical_brand_impersonation', 'government_agency', 'service_provider', 'dating_service', 'generic', 'gambling_promotion', 'health_brand', 'health-related impersonation', 'healthcare_professional', 'government_or_utility', 'health_organization', 'romance-related service', 'gambling_brand', 'Health Product Marketing', 'romance_or_adult_content', 'social_media_or_dating_platform', 'financial_institution_impersonation', 'romance_or_social_engineering', 'romance_or_emotional', 'cryptocurrency_brand', 'medical_professional', 'healthcare_service', 'crypto_brand_impersonation', 'Organization', 'crypto_wallet_service', 'social_platform', 'crypto-related brand', 'health_product', 'cryptocurrency-related', 'pharmacy', 'individual_impersonation', 'health_professional', 'government_service', 'health_newsletter', 'social_engineering', 'crypto_project', 'legitimate_brand_impersonation', 'Brand_Impersonation', 'professional', 'generic_brand_impersonation', 'energy_advisor', 'government_or_official_service', 'news_outlet', 'community_forum', 'social_media_service', 'romance-related', 'celebrity_or_brand_impersonation', 'health_service_impersonation', 'cryptocurrency_related', 'political_figure', 'academic_journal', 'academic_conference', 'government_or_institutional', 'domain_impersonation', 'academic_impersonation', 'system_admin', 'government_or_official_organization', 'technical_support', 'academic_service', 'corporate', 'academic_platform_impersonation', 'academic', 'system_administrator', 'government_or_official', 'possible_corporate_impersonation', 'system_impersonation', 'government_or_institution', 'institutional', 'academic_institution', 'system_service', 'conference_promotion', 'business_impersonation', 'service_provider_impersonation', 'academic_journal_impersonation', 'institution_impersonation', 'system_email', 'government_or_financial_institution']（共147种）"
text_features.sender.email_address_anomalies,264,2.20%,"唯一值：['unknown', 'unexpected_domain', 'suspicious_domain', 'complex_subdomain', 'none', 'unusual_domain', 'hyphenated_username', 'domain_mismatch', 'mismatched_domain', 'random_string_prefix', 'randomized_characters', 'mismatch_in_display_name_and_email_domain', 'googlegroups.com is a legitimate domain', 'domain mismatch with known brand', 'highly_anomalous', 'high_entropy_username', 'mismatch_with_known_domains', 'suspicious_subdomain', 'random_sequence_in_local_part', 'random_characters_in_local_part', 'unusual_subdomain_and_random_chars', 'long_and_complex_email_address', 'suspicious_random_chars_in_local_part', 'suspicious_domain_similarity', 'random_string_in_local_part', 'long_and_obfuscated', 'high_length_subdomain', 'long_subdomain', 'domain mismatch', 'long_and_complex_local_part', 'highly_suspicious', 'low_similarity_to_known_domains', 'mismatch_domain', 'suspicious_domain_mismatch', 'suspicious_patterns_detected', 'potential_mismatch', 'suspicious domain', 'mismatch_between_display_name_and_email_domain', 'suspicious_gmail_domain', 'domain mismatch with Rogers', 'suspicious domain and random characters in local part', 'suddenlinkmail.com is not a widely recognized domain', 'Low', 'sender domain does not match known brand', 'spoofed_domain', 'suspicious_subdomain_and_random_chars', 'domain_typo', 'domain_mismatch_known_brand', 'high_entropy', 'domain_mismatch_with_display_name', 'randomized_characters_in_local_part', 'domain mismatch with known brands', 'hyphenated_prefix_and_suffix', 'highly suspicious', 'suspicious_random_segments', 'gmail.com domain used for professional context', 'suspicious_gmail_domain_usage', 'mismatch_domain_name', 'non-standard domain', 'hyphenated_prefix', 'mismatch_in_display_name_and_domain', 'suspicious_subdomain_and_random_characters', 'mismatch_domain_and_signature', 'mismatch_with_known_brand', 'non_matching_name_and_domain', 'suspicious_characters_in_local_part', 'mmedd.wqsh@gmail.com does not match expected legitimate domain patterns', 'mismatch_with_display_name', 'low_similarity_to_known_brands', 'obfuscated_domain', 'random_string_username', 'fqaxmh@2fluid.co.uk', 'freemail.hu domain is less common for professional communication', 'mismatch between sender name and email domain', 'obfuscated', 'suspicious domain similarity', 'mismatch_in_domain', 'mismatch_between_display_name_and_domain', 'freemail.hu is a free email provider', 'mismatch_with_known_domain', 'unusual_domain_and_random_characters', 'unusual_subdomain_and_random_strings', 'suspicious_free_email_domain', 'highly_suspicious_characters', 'gmail.com domain used with random-seeming username', 'mismatched_domain_and_display_name', 'mismatch_name_and_domain', 'mismatch_with_known_brand_domain', 'random_string_in_username', 'low_risk', 'suspicious_domain_suffix', 'random_characters', 'mismatch_in_domain_and_identity', 'non_corporate_domain', 'High', 'suspicious domain mismatch', 'suspicious_subdomain_and_random_strings', 'long_random_string', 'mismatch_in_display_name_and_email_address', 'mismatch_name_email', 'random_string_before_name', 'random_strings_in_local_part', 'domain_similarity_to_known_brands_low', 'suspicious_random_characters', 'unusual_subdomain', 'invalid_format', 'randomized_domain_segments', 'domain mismatch with well-known brands', 'domain mismatch with legitimate brand', 'generic gmail.com domain', 'random_characters_in_username', 'address contains obfuscated name and non-standard domain', 'highly_complex_email_address', 'domain mismatch with brand name', 'suspicious domain and misspelled name', 'mismatch_in_display_name_and_email', 'mismatch_sender_name_and_domain', 'unrelated_name_in_display', 'suspicious_characters_in_display_name', 'highly_complex', 'domain mismatch with official MoveOn.org', ""domain mismatch with receiver's organization"", 'homelinux.com domain, uncommon structure', 'potential_domain_mismatch', 'hyphenated_username_and_domain_mismatch', 'reply_domain_used', 'long_random_string_in_local_part', 'suspicious_characters', 'Long subdomain', 'generic_gmail_address', 'subdomain_mismatch', 'mismatch_between_name_and_email_domain', 'suspicious domain (gmail.com)', 'domain_mismatch_with_known_brand', 'suspicious', 'suspicious domain; mismatch with known brand', 'unusual_prefix_suffix', 'non-standard characters in local part', 'mismatch_with_known_brands', ""suddenlinkmail.com is not associated with the sender's claimed identity"", 'suspicious_random_chars', 'domain_case_irregularity', 'unrelated_domain', 'domain mismatch with legitimate organizations', 'trueblade.com (not a known Python-related domain)', 'personal_email_domain', 'no_matching_known_brand', 'yahoo.com domain used for technical communication', 'random_string_segments', 'yahoo.com domain used for opensuse.org related communication', 'suspicious_name_formatting', 'mismatch_event_organizer_domain', 'mismatch_between_name_and_domain', 'suspicious domain and random string in local part', 'gmail.com domain used for non-Google service communication', 'via RT <veyjhby-fbuaeanj@perl.org>', 'uppercase_domain', 'suspicious_random_string_in_local_part', 'domain mismatch with legitimate brands', 'hyphenated_and_random_segments', 'mismatched_display_name_and_email_domain', 'hyphenated_prefix_suffix', 'gmail.com is a generic domain', 'suddenlinkmail.com is not commonly associated with legitimate brands', 'encoded_characters_in_name', 'suspicious domain (slack.net)', 'mismatched_quotes_in_display_name', 'rssfeeds@spamassassin.taint.org', 'unusual_domain_for_sender', 'suspicious_username', 'suspicious domain and username', 'unusual_username', 'hotmail.com', 'username_contains_nonsense_words', 'username contains potentially informal or unusual naming pattern', 'non-corporate domain', 'non-standard username', 'uncommon_username_and_domain', 'non-standard username and domain', 'domain_contains_uppercase_letters', 'domain mismatch (dOink.COM vs doink.com)', 'name_mismatch', 'nospamplease in address', 'nospamplease in local part', 'nospamplease', 'unusual_domain_combination', 'domain mismatch (redhat@xlnt-software.com)', 'none detected', 'no anomalies detected', 'invalid_domain', ""rssfeeds@spamassassin.taint.org contains suspicious domain 'spamassassin.taint.org'"", 'valid', 'rssfeeds@spamassassin.taint.org does not match typical brand domains', ""rssfeeds@spamassassin.taint.org is suspicious due to 'spamassassin' in domain"", 'rssfeeds@spamassassin.taint.org is generic and lacks personalization', 'tagged_address', 'encoded_name', 'encoded_characters', 'typo_in_domain', 'domain mismatch with expected sender', 'suspicious domain and format', 'mismatch_in_sender_name_and_email_domain', 'mismatch_sender_display_name', 'SPF_PermError, DKIM_None, DMARC_Fail', 'mixed_case_and_mismatched_domain', 'SPF_fail_DKIM_fail_DMARC_fail', 'domain_too_long_and_obfuscated', 'suspicious domain and sender mismatch', 'mismatch_with_brand_domain', 'SPF_Fail, DKIM_Fail, DMARC_Fail', 'mismatched_domain,suspicious_tld', 'SoftFail SPF, DKIM not signed, DMARC fail', 'unusual_domain_structure', 'mismatched_domain,suspicious_hostname', 'domain mismatch with known brand OpenSea', 'unusual_domain_suffix', 'SPF_Fail', 'mismatch_in_domain_and_display_name', 'SPF fail, DKIM none', 'SPF_Fail_DKIM_Fail_DMARC_Fail', 'suspicious_characters_and_mismatched_domain', 'SuspiciousDomain', 'softfail_spf', 'spf_fail,dmarc_fail,dkim_fail', 'mismatched_domain_and_sender_identity', 'Suspicious domain, Mismatched sender name and domain', 'mismatch between sender display name and email domain', 'domain_discrepancy', 'mismatch_with_legitimate_domain', 'empty_angle_brackets', 'missing_domain', 'unknown_domain', 'mismatch between display name and domain', 'long_subdomain_chain', 'SPF_PermError', 'softfail_spf,dmarc_fail,compauth_fail', 'mismatched_domain,suspicious_username', 'SPF_Fail, DKIM_None, DMARC_None', 'noreply@md.de does not match known brand domains', 'outlook.com domain used with suspicious sender IP', 'invalid_domain_format', 'highly_suspicious_domain', 'empty_display_name', 'Mismatched Domain (qteyjf.net vs Norton)', 'domain_mismatch_and_suspicious_keywords', 'suspicious_domain_and_random_characters', 'noreply@zohosalesiq.com appears legitimate, but lacks strong domain alignment with known brands.', 'SPF fail, DKIM none, DMARC none', 'Suspicious domain (luffy.talaba.click)', 'SPF Fail, DKIM None, DMARC None', 'domain_mismatch_with_brand', 'SPF_fail, DKIM_fail, DMARC_fail', 'suspicious_domain_and_sender_mismatch', 'suspicious_domain_and_random_prefix', 'spf_fail', ""noreply@magazineluiza.com.br uses generic 'noreply' prefix"", 'encoded_characters_in_display_name', 'mismatch_sender_display_name_and_domain', 'suspicious_domain_and_username', 'suspicious_domain_length_and_structure', 'suspicious domain and unusual sender name format', 'mismatch_with_declared_brand', 'softfail_spf, no_dkim_signature, dmarc_fail', 'generic_outlook_domain', 'multiple_sender_addresses', 'mismatch_sender_domain', 'mismatched_display_name_and_email', 'mismatch_between_domain_and_sender_identity', 'missing_email_domain', 'suspicious_return_path', 'invalid_format_and_numeric_sequence', 'Suspicious domain and sender name mismatch', 'suspicious_domain_and_format', 'unknown_sender_domain', 'mismatched_domain_and_sender_name', 'Mismatched domain (pianoskalaydjian.com vs decryptmedia.com)', 'SPF_Fail,DNS_Mismatch', 'mismatch_from_header_and_domain', 'unusual domain and sender name mismatch', 'multiple_senders', 'suspicious_domain_length', 'SPF_Fail_DKIM_None', 'mismatch_between_sender_display_name_and_email_domain', 'Spoofed domain', 'SPF_Fail_DKIM_Timeout_DMARC_Fail', 'Suspicious domain, Non-standard TLD', 'SPF None, DKIM Fail, DMARC None', 'Mismatched domain, Random string in address', 'unusual_domain_length', 'suspicious_sender_name', 'Unusual domain, random string in email address', 'suspicious domain structure', 'suspicious_domain_and_subdomain', 'hex_encoded_string_in_local_part', 'Suspicious domain and random string in local part', 'softfail_spf,dmarc_fail,dkim_fail', 'hexadecimal_encoded_string', 'suspicious_domain_and_random_subdomain', 'jobs@webykw.com does not match known brand domains', 'suspicious_domain_and_display_name_mismatch', 'noreply@att.net does not designate permitted sender hosts; SPF=none; DKIM=ignore; DMARC=none', 'misspelled_domain', 'multiple_from_addresses', 'noreply@team.mobile.de', 'suspicious_domain_and_random_chars', 'suspicious domain and random username', 'Spoofed Domain', 'invalid_characters', 'mismatch_display_name_and_email_domain', 'Suspicious domain mismatch and random characters in sender address', 'noreply@postmaster.google.com is likely spoofed', 'softfail_spf_and_dkim_fail', 'Sender address contains unusual domain', 'SPF fail, sender IP mismatch', 'unusual_characters_and_random_strings', 'invalid_domain,mismatched_brand_name', 'Domain mismatch, SPF SoftFail, DMARC Fail', 'suspicious_domain_format', 'spf_fail_dmarc_fail', 'suspicious_domain_and_structure', 'suspicious_subdomain_and_domain', 'suspicious_domain_structure', 'SPF_SoftFail, DKIM_Fail, DMARC_Fail', 'suspicious_domain_and_username_mismatch', 'mismatch_sender_display_name_and_email_domain', 'Suspicious Domain', 'invalid_domain_suffix', 'embedded_hex_code', 'noreply@scrol.io appears to be a generic automated sender address', 'Domain mismatch with Microsoft', 'mismatched domain name (roffiaen.com)', 'Mismatched Domain, Invalid Sender Domain', 'inconsistent_display_name_and_email', 'PermError in SPF, DKIM not signed, DMARC fail', 'mismatch_display_name_and_email,mixed_case_in_display_name', 'outlook.com domain used for pharmacy-related content', 'invalid_domain_syntax', 'unusual_characters_and_length', 'suspicious domain and sender name mismatch', 'spf_fail, dkim_fail, dmarc_fail', 'Unusual domain, Mismatched sender name and domain', 'Mismatched Domain', 'missing_email_address', 'suspicious domain and random name combination', 'mismatched_domain,suspicious_subdomain', 'mismatch_with_trust_wallet_domain', 'suspicious_domain_and_subdomain_structure', 'zero_width_characters, mismatched_domain', 'multiple_sender_domains', 'Mismatched_Domain', 'SPF_fail|DKIM_fail|DMARC_fail', 'excessive_subdomains', 'spf_softfail_dkim_fail', 'missing_tld', 'mismatched_name_and_domain', 'mismatch_with_brand_name', 'Missing Valid Domain', 'Mismatch between domain and brand (tradestars.com.br vs. Ledger)', 'unknown_domain_suffix', 'suspicious_domain_extension', 'mismatch_with_declared_identity', 'Mismatch between sender domain and brand domain', 'obfuscated_characters', 'mismatch_domain_and_display_name', 'no_valid_domain', 'suspicious_domain; random_characters_in_local_part', 'random_generated', 'suspicious_domain_and_display_name', 'long_nested_subdomains', 'SPF_fail, DKIM_none, DMARC_none', 'mismatch_from_return_path', 'Mismatched domain, Missing proper domain validation', 'noreply@zohosalesiq.com appears legitimate, but domain is not directly related to the content', 'Spoofed domain, Hidden characters', 'spf_softfail,dkim_none,dmarc_fail', 'domain mismatch with display name', 'suspicious_domain_segments', 'noreply@team.mobile.de does not match legitimate domain patterns', 'numeric_sequence_in_local_part', 'suspicious domain (white1.hmama.shop)', 'mismatch between sender name and domain', 'mismatch_name_and_email_domain', 'suspicious domain (alison.rubiyo.xyz)', 'noreply usage with unrelated domain', 'inconsistent_domain', 'mismatch_with_domain', 'mismatch_between_sender_name_and_domain', 'zero_width_characters', 'unusual_domain_suffix,numeric_sequence_in_local_part', 'mismatch_from_display_name', 'newsletter@mail.toom.de does not match typical brand domain patterns', 'softfail_spf_mismatch', 'noreply@postmaster.google.com is suspicious as it does not match a legitimate domain', 'SPF_Fail_DKIM_Fail', 'irregular_domain', 'non-standard characters in address', 'irregular_characters', 'non_standard_format', 'unusual_characters', 'suspicious_local_part', 'unusual_sender_domain', 'unusual_domain_and_username', 'non-standard format', 'numeric_prefix', 'irregular_domain_pattern', 'unusual_characters_in_local_part', 'duplicate_sender_address', 'non-standard_email_format', 'non-standard_domain', 'unusual_characters_in_domain', 'irregular_domain_format', 'malformed_email_address', 'format irregularities', 'Suspicious domain structure', 'irregular_format', 'non-standard domain, lacks common brand name', 'multiple_identical_addresses', 'duplicate_sender_addresses', 'sender_domain_mismatch_known_brand', 'duplicate_email_address', 'non_standard_domain', 'suspicious_local_part_and_domain', 'numeric_only', 'suspicious_numeric_suffix', 'unusual_characters_in_email', 'unusual_character_combination', 'random_string', 'mismatch_in_domain_and_brand_name', 'bounce-248-7992764-248-248@viedlc.xyz', 'bounce-452-1788104-452-248@a.98765432.com.cn', 'non-standard domain, no clear brand association', 'suspicious_numeric_sequence', 'random_chars_in_local_part', 'Mismatch between sender domain and reply-to domain', 'irregular', 'address does not match standard format for known brands', 'non-standard domain and format', 'malformed_address', 'unusual_characters_in_username', 'domain mismatch with company name', 'duplicate_addresses', 'non-standard domain, missing name similarity to known brands', 'multiple_addresses', 'bounce-248-15033416-248-248@a.tubeitty.com', 'non-standard_characters', 'non-standard characters in local part and domain', 'obscured_domain', 'randomized_domain', 'multiple_emails_in_from_field', 'non-standard structure', 'invalid format', 'non-standard format with numeric segments', 'mismatch_with_displayed_identity', 'true', 'non-standard domain, lacks common corporate structure', 'unusual_format', 'duplicate_email_addresses', 'valid_format', 'multiple_addresses_detected', 'multiple_sender_addresses_detected', 'non-standard domain, lacks common corporate email format', 'multiple identical addresses in From field', 'abnormal_characters_in_local_part', 'unusual characters in local part', 'mismatch_sender_display_and_return_path', 'unusual_domain_format', 'unusual_characters_and_format', 'suspicious_format', 'non_descriptive_domain', 'non-standard domain and username format', 'malformed_email_format', 'duplicate_email_in_from_field', 'random_chars', 'potential_duplicate_sender', 'irregular domain structure', 'domain_mismatch_known_brands', 'bounce-2696-22187492-2696-248@cfhcw.cn', 'unusual_domain_and_format', 'mismatch_with_company_domain', 'incomplete_domain', 'address contains non-standard domain', 'random_string_format', 'non-standard characters', 'irregular_sender_format', 'alphanumeric_mix_with_special_chars', 'mismatch_with_legitimate_domains', 'duplicate_sender_email', 'random_characters_in_domain', 'multiple_identical_senders', 'malformed', 'random_characters_in_username_and_domain', 'random_string_mismatch', 'duplicate_email']（共493种）"
text_features.sender.sender_reputation_score,264,2.20%,"[0.0, 13.98]"
text_features.sender.domain_similarity_to_known_brands,264,2.20%,"[0.0, 1.0]"
text_features.content.word_count,264,2.20%,"[0.0, 34789.0]"
text_features.content.url_count,264,2.20%,"[0.0, 237.0]"
text_features.content.spelling_errors,264,2.20%,"[0.0, 20.0]"
text_features.content.grammar_errors,264,2.20%,"[0.0, 45.0]"
text_features.content.suspicious_keywords,8301,69.17%,"元素数量：[1, 13]，典型元素：['expedited', 'cost']"
text_features.content.urgency_words_count,264,2.20%,"[0.0, 38.0]"
text_features.content.contains_personal_information_request,264,2.20%,True（881次）、False（10855次）
text_features.content.contains_abnormal_financial_request,264,2.20%,True（1890次）、False（9846次）
text_features.content.text_complexity,264,2.20%,"[0.0, 85.3]"
text_features.content.text_similarity_to_legitimate_emails,264,2.20%,"[0.0, 1.0]"
text_features.content.language,264,2.20%,"唯一值：['en', 'es', 'de', 'sl', 'unknown', 'English', 'fi', 'fr', 'ga', 'pt', 'nl', 'pt-BR', 'pt-br', 'it', 'en-IN', 'zh', 'French', 'Portuguese', 'mixed', 'multi-language', 'zh-hant', 'multilingual', 'ja', 'zh_CN', 'zh-CN']（共25种）"
text_features.content.contains_obfuscated_text,264,2.20%,True（616次）、False（11120次）
text_features.content.requests_otp_or_mfa,264,2.20%,True（19次）、False（11717次）
text_features.content.contains_phishing_call_to_action,264,2.20%,True（5147次）、False（6589次）
text_features.content.text_sentiment,264,2.20%,"唯一值：['Neutral', 'unknown', 'Negative', 'Positive', 'neutral-negative', 'promotional', 'neutral-positive', 'technical', 'satirical', 'neutral_negative', 'neutral_to_positive', 'persuasive', 'Persuasive', 'mixed', 'explicit', 'cautionary', 'neutral_with_urgency', 'seductive', 'neutral_positive', 'warning']（共20种）"
text_features.content.text_sentiment_score,264,2.20%,"[-0.85, 0.9]"
url_intelligence_features.basic.domain_length,2078,17.32%,"[0.0, 108.0]"
url_intelligence_features.basic.dot_count,2078,17.32%,"[0.0, 10.0]"
url_intelligence_features.basic.contains_ip_address,2078,17.32%,True（114次）、False（9808次）
url_intelligence_features.basic.contains_at_symbol,2078,17.32%,True（864次）、False（9058次）
url_intelligence_features.basic.contains_hyphen,2078,17.32%,True（1804次）、False（8118次）
url_intelligence_features.basic.path_length,2078,17.32%,"[0.0, 2498.0]"
url_intelligence_features.basic.subdomains_count,2078,17.32%,"[0.0, 6.0]"
url_intelligence_features.basic.tld,2078,17.32%,"唯一值：['edu', 'org', 'com', 'unknown', 'nz', 'net', '.cc', '.com', '.net', 'rs', 'ch', 'it', 'se', 'de', 'uk', 'gov', 'localhost', 'ca', '.org', 'co.uk', 'fr', 'us', 'si', 'ie', 'eu', 'ac.uk', 'info', 'pl', 'lu', 'cc', 'hu', 'cz', 'be', 'sg', 'nl', 'cn', 'st', 'es', 'sk', 'co.nz', 'ac.nz', 'net.au', '.edu', 'com.br', 'ac.jp', 'fi', 'in', 'me.uk', 'gr', 'com.au', '.com.au', 'at', 'pt', 'edu.au', 'au', '.se', 'no', '.nz', 'am', 'tf', 'tk', 'org.pl', 'ru', '.co.uk', 'il', 'nu', 'co.jp', 'tw', 'co', '.com.br', 'ms', 'kr', 'page', 'icu', '.info', 'me', '.co', 'fun', 'app', 'ws', '.tk', 'gd', 'bio', 'ly', 'co.ua', 'life', '.pl', 'best', '.kr', 'gov.uk', 'shop', 'xyz', 'online', 'click', 'art', 'moe', 'pro', 'hair', 'one', 'cf', '.fr', 'gl', 'to', 'link', '.best', 'io', 'boats', 'tech', 'sv', 'care', 'makeup', 'id', 'store', 'gy', 'cl', 'ru.com', '.online', 'ir', 'mom', 'com.ua', '.jp', 'blog', 'digital', 'in.ua', 'ro', 'co.kr', 'pw', 'com.tw', 'org.uk', '.ro', 'runapp', '.rs', '.org.uk', 'co.in', 'edu.ar', 'jp.net', 'top', '.ru', '.com.ua', 'lc', '.com.mx', 'ua', 'biz', 'trade', '.com.co', 'vip', 'bradesco', 'argnnas6', '.vg', 'cfd', 'club', 'ptd', 'biz.ua', 'quest', '.bio', 'com.py', 'network', 'ee', '.br', 'bid', 'gi', 'dev', 'lat', '.co.in', 'ph', '.tech', 'buzz', 'com.ru', 'su', 'live', 'com.hk', 'co.id', '.cn', 'gov.cn', 'ink', '.hk', '.sg', 'com.cn', 'jp', 'com.ng', 'org.cn', 'ga', 'asia', 'edu.sg', '.co.jp', '.org.cn']（共186种）"
url_intelligence_features.basic.query_params_count,2078,17.32%,"[0.0, 30.0]"
url_intelligence_features.basic.has_suspicious_query_params,2078,17.32%,True（2079次）、False（7843次）
url_intelligence_features.basic.suspicious_query_params,9921,82.67%,"元素数量：[1, 22]，典型元素：['nlid']"
url_intelligence_features.reputation_and_risk.is_blacklisted,2078,17.32%,True（1次）、False（9921次）
url_intelligence_features.reputation_and_risk.risk_score,2078,17.32%,"[0.0, 80.0]"
url_intelligence_features.reputation_and_risk.redirect_count,2078,17.32%,"[0.0, 3.0]"
url_intelligence_features.reputation_and_risk.domain_age_days,2078,17.32%,"[0.0, 31536000.0]"
url_intelligence_features.reputation_and_risk.whois_hidden,2078,17.32%,True（4974次）、False（4948次）
url_intelligence_features.reputation_and_risk.domain_similarity_score,2078,17.32%,"[0.0, 1.0]"
url_intelligence_features.reputation_and_risk.contains_suspicious_keywords,2078,17.32%,True（202次）、False（9720次）
url_intelligence_features.reputation_and_risk.brand_similarity_score,2078,17.32%,"[0.0, 1.0]"
url_intelligence_features.reputation_and_risk.ssl_https,2078,17.32%,True（2510次）、False（7412次）
url_intelligence_features.reputation_and_risk.ssl_certificate_status,2078,17.32%,"唯一值：['unknown', 'unsigned', 'valid']（共3种）"
url_intelligence_features.reputation_and_risk.ca_trust_score,2078,17.32%,"[0.0, 1.0]"
url_intelligence_features.reputation_and_risk.suspicious_subdomains,11961,99.67%,"元素数量：[1, 4]，典型元素：['bq11v59f', 'r']"
image_features.layout.contains_login_form,6918,57.65%,True（43次）、False（5039次）
image_features.layout.contains_bank_card_input,6918,57.65%,True（1次）、False（5081次）
image_features.layout.form_present,6918,57.65%,True（1031次）、False（4051次）
image_features.layout.login_form_detected,6918,57.65%,True（42次）、False（5040次）
image_features.layout.element_complexity,6918,57.65%,"[0.0, 0.85]"
image_features.visual_similarity.logo_similarity_to_known_brands,6918,57.65%,"[0.0, 0.95]"
image_features.visual_similarity.favicon_matches_brand,6918,57.65%,True（259次）、False（4692次）
image_features.visual_similarity.brand_visual_similarity,6918,57.65%,"[0.0, 0.95]"
image_features.visual_similarity.visual_similarity_score,6918,57.65%,"[0.0, 0.95]"
image_features.visual_similarity.brand_mismatch,6918,57.65%,True（529次）、False（4552次）
image_features.visual_similarity.suspicious_ui_layout,6918,57.65%,True（310次）、False（4772次）
image_features.risk_elements.suspicious_links,6918,57.65%,"[0.0, 3.0]"
image_features.risk_elements.contains_suspicious_popup,6918,57.65%,True（15次）、False（5067次）
image_features.risk_elements.suspicious_visual_elements,6918,57.65%,"[0.0, 3.0]"
image_features.risk_elements.visual_phishing_risk,6918,57.65%,"[0.0, 0.8]"
image_features.risk_elements.image_text_keywords,7714,64.28%,"元素数量：[1, 37]，典型元素：[""This page doesn't seem to exist.""]"
website_features.structure.form_count,1529,12.74%,"[0.0, 11.0]"
website_features.structure.external_link_count,1529,12.74%,"[0.0, 161.0]"
website_features.structure.script_count,1529,12.74%,"[0.0, 70.0]"
website_features.structure.iframe_count,1529,12.74%,"[0.0, 5.0]"
website_features.structure.input_form_count,1529,12.74%,"[0.0, 25.0]"
website_features.structure.hidden_inputs_count,1529,12.74%,"[0.0, 22.0]"
website_features.structure.contains_iframe,1529,12.74%,True（194次）、False（10277次）
website_features.structure.meta_redirect,1529,12.74%,True（271次）、False（10200次）
website_features.content.title_url_relevance,1529,12.74%,"[0.0, 1.0]"
website_features.content.content_similarity_to_legitimate_site,1529,12.74%,"[0.0, 1.0]"
website_features.content.contains_abnormal_redirect,1529,12.74%,True（367次）、False（10104次）
website_features.content.contains_hidden_elements,1529,12.74%,True（873次）、False（9598次）
website_features.content.privacy_policy_valid,1529,12.74%,True（646次）、False（9816次）
website_features.content.dynamic_script_behavior,1533,12.78%,"唯一值：['unknown', 'Redirects based on URL parameters and pathname', 'redirects to msn.com after 5 seconds', 'auto-submits form on load', 'auto-submit form', 'Language detection and switching', 'Form auto-submission', 'language detection and switching', 'loads external script dynamically', 'redirects based on URL parameters', ""Language switching based on user's browser settings"", 'redirects after 5 seconds', 'auto_submit', 'redirects to https://www.msn.com/ after 5 seconds', 'redirects after 5 seconds to https://www.msn.com/', 'redirects to external URL', 'Automatically submits the form', 'redirects to a new URL with specific query parameters', 'redirect', 'Automatically submits the form on page load', 'auto-submits the form', 'redirects to /lander', 'redirects based on cookie and protocol', 'Redirects to LinkedIn after 1 second', 'generates markup and redirects', 'auto-submits the form on page load', 'redirects to another URL', ""changes content based on user's language preference"", 'redirects to external site', ""changes language based on user's browser settings"", 'fetches token on form focus', 'Image preloading and swapping', 'loads external scripts, handles errors', 'redirects to /lander on load', 'redirects to an external site', ""Language switching based on user's browser language"", 'changes content based on user language preference', 'changes language based on user preference', 'redirects to /lander on page load', 'sorts table rows', 'The script dynamically creates elements, checks for ad blocking, and redirects the user', 'Redirects based on fingerprint', 'redirects based on URL hash', 'Redirects based on fingerprinting', 'redirect after 1 second', 'redirects after timeout', 'redirects after 1 second', 'Loads external scripts and performs fingerprinting for redirection', 'Creates hidden elements, tests for ad-blocking, and redirects the user', 'Validates email format and submits form data via POST request', 'redirects to a URL with an unusual query string', 'Automatically redirects to external URL', 'redirects to an external domain using URL parameters', 'redirects and creates hidden elements', 'redirects based on URL parameter', 'redirects to a suspicious URL after 1 second', 'redirects and checks for ad blockers', 'The script dynamically creates elements and checks for ad-blocking software before redirecting', 'creates and manipulates DOM elements, detects ad-blocking', 'Redirects to a URL with a suspicious query parameter', 'redirects to another URL after checking for ad-blocking', 'redirects based on ad-blocking detection', 'Script creates a hidden element and redirects based on ad-blocking detection', 'creates hidden divs, checks for ad blocking, redirects based on detection', 'Checks URL parameters and redirects if certain conditions are not met', 'Redirects based on ad-blocking detection', 'Manipulates DOM to detect ad blockers and redirects', 'redirects user based on URL fragment', 'redirects to unusual URL', 'redirects and writes hidden links', 'redirects to suspicious URL', 'redirects after a delay', 'modifies the URL if it contains a hash', 'redirects based on ad blocker detection', 'creates and manipulates DOM elements, performs asynchronous requests', 'redirects to external site using URL hash', 'The script dynamically creates elements and redirects the user', 'The script dynamically creates hidden elements and redirects the user', 'creates hidden elements and redirects', 'redirects and manipulates DOM', 'The script dynamically creates DOM elements and redirects the user based on ad-blocking detection', 'redirects to an invalid URL', 'modifies referrer and redirects after a delay', 'Creates hidden elements and redirects the user', 'redirects and writes to document', 'loads external scripts and performs redirects based on fingerprint', 'creates hidden elements, checks for ad-blocking, redirects the user', 'Creates hidden elements and redirects based on ad-blocking detection', 'loads external scripts and performs redirects', 'Redirects after obtaining visitor ID', 'Redirects based on browser characteristics', 'Script dynamically creates and manipulates DOM elements, performs redirects', 'Creates hidden elements, tests for ad-blocking, and redirects', 'The script creates hidden elements and checks for ad-blocking software before redirecting', 'The script dynamically creates elements and performs redirection based on conditions', 'redirects to another site', 'redirects to a URL with an unusual query parameter after 1 second', 'redirects and performs ad-blocking checks', 'redirects after delay', 'Redirects user based on fingerprint', 'redirects and writes hidden elements', 'Creates hidden elements, checks for ad blockers, and performs redirection', 'Automatically redirects user', 'highly dynamic with multiple checks and redirects', 'The script dynamically creates elements and checks their properties to detect ad-blocking software.', 'Creates and removes hidden div elements to detect ad blockers', 'Redirects to a suspicious URL after 1 second', 'redirects and writes HTML content dynamically', 'Loads external scripts and redirects based on fingerprint', 'redirects after creating hidden elements and checks for ad-blocking', 'redirects to an unusual URL', 'redirects user to another URL', 'creates hidden elements, detects ad blockers, redirects to another URL', 'Redirects to a URL based on hash parameter', 'redirects to a URL with suspicious query parameters', 'redirects the user after 1 second', 'validates email and sends data via POST request', 'redirects to a URL with an unusual query parameter', 'redirects to an unexpected URL after a delay', 'Checks IP, potentially redirects to malicious site', 'writes and clicks an anchor tag, sends data via POST', 'redirect based on URL hash', 'redirects to a suspicious URL after a delay', 'creates hidden elements, tests for ad blockers, and redirects', 'The script dynamically creates elements and performs redirects based on conditions.', 'Loads scripts asynchronously and uses FingerprintJS for visitor identification', 'loads external scripts and performs AJAX requests to check subscription status and handle form submission', 'Automatically redirects to a URL', 'redirects user to external site using URL hash parameter', 'redirects to external domain based on URL parameter', 'redirects to a URL', 'redirects and potentially downloads content', 'redirects after checking for ad-blocking', 'redirects to external site using URL parameter', 'Redirects based on URL hash', 'Redirects the user based on URL hash', 'redirects based on URL fragment', 'The script dynamically creates elements and checks for ad blocking, then redirects or writes a link to the document.', 'Modifies URL hash to prevent certain patterns', 'Redirects to a URL containing encoded data after 1 second', 'Loads external scripts and performs fingerprinting', 'Collects fingerprint and redirects', 'redirects to another domain', 'Executes scripts on page load, modifies DOM, sends data to external server', 'Automatically redirects the user to a URL', 'creates hidden elements, detects ad-blocking, and redirects', 'Redirects to URL based on hash', 'The script dynamically creates elements and checks for ad blocking, then redirects or writes an anchor tag to the document', 'redirects after 500ms', 'URL manipulation', 'Uses FingerprintJS for tracking and redirects based on the fingerprint', 'collects fingerprint and redirects', 'redirects to suspicious URL after 1 second', 'Creates hidden elements and redirects', 'Creates hidden div, tests for ad blocking, redirects', 'Highly dynamic with obfuscation', 'creates elements, checks for ad blocking, redirects or writes to document', 'redirects and creates elements', 'redirect based on hash', 'The script dynamically creates elements, checks for ad-blocking, and redirects the user', 'Modifies URL and performs redirection', 'redirects after ad-blocking detection', 'Redirects after checking for ad blockers', ""The script modifies the browser's history and redirects the user to a different URL"", ""Modifies and uses an anchor tag's href attribute for redirection"", 'Redirects based on fingerprinting results', 'Email validation and form submission via AJAX', 'modifies and redirects to URL', 'The script dynamically creates DOM elements, checks for ad-blocking, and redirects the user based on certain conditions.', 'redirects to external site with URL parameter', 'Modifies and redirects to a URL', 'redirects to an unusual URL after a delay', 'redirects to another URL based on ad-blocking detection', 'collects browser data and redirects', 'modifies the URL to remove hash fragments', 'redirects to external IP', 'redirects after a delay and modifies the referrer', 'modifies and redirects', 'Fetches data and redirects the user', 'Uses FingerprintJS for tracking and redirects based on fingerprint', 'Form validation and AJAX request', 'The script dynamically creates and manipulates DOM elements, writes an anchor tag, and redirects the user based on server response', 'Redirects based on fingerprint data', 'Uses FingerprintJS for visitor identification and redirects based on the result', 'The script checks for ad-blocking and redirects the user accordingly', 'The script dynamically creates elements and checks for ad-blocking software before redirecting the user', 'Creates hidden elements, detects ad blockers, redirects to another URL', 'redirects based on fingerprint', 'The script dynamically creates DOM elements, checks for ad-blocking, and redirects the user to another URL.', 'redirects to URL in hidden element', 'redirects based on ad blocking detection', 'redirects user to external URL', 'redirects and modifies DOM', 'Complex script with multiple functions and conditions', 'redirects to a new URL or writes an anchor tag and clicks it', 'Uses FingerprintJS to modify redirect link', 'Redirects to an external URL after executing JavaScript to gather device information', 'Creates hidden div, checks properties, redirects based on conditions', 'redirects based on fingerprinting', 'redirects to an external server using a URL parameter', '未知', 'responsive design adjustment', 'Fetches and modifies page content dynamically', 'Fetches JSON data and modifies the document', 'fetches and modifies HTML content dynamically', 'submits form data via AJAX', 'Manipulates the DOM to close the window or redirect based on user interaction', 'Loads and modifies content dynamically based on URL parameters', 'Attempts to use ActiveX controls for downloading files', 'downloads file via QQDownload', 'Collects various browser attributes and redirects based on conditions', 'redirects on load', 'Collects browser information and redirects', 'redirects to another page']（共214种）"
website_features.security.uses_https,1529,12.74%,True（2049次）、False（7705次）
website_features.security.ssl_certificate_status,1529,12.74%,"唯一值：['unknown', 'valid']（共2种）"
website_features.security.ca_trust_score,1529,12.74%,"[0.0, 1.0]"
website_features.security.server_location,1529,12.74%,"唯一值：['unknown', '10.165.135.239', 'Hong Kong', 'Debian', 'Ubuntu', 'ap-southeast-1.compute.internal', 'homepages.inf.ed.ac.uk', 'China']（共8种）"
website_features.security.domain_registration_country,1529,12.74%,"唯一值：['unknown', 'CN', 'US', 'India', 'IN', 'China', 'GB']（共7种）"
website_features.security.server_country_match_domain,1529,12.74%,True（92次）、False（9725次）
